{
    "name": "root",
    "gauges": {
        "RollerBall.Policy.Entropy.mean": {
            "value": 1.06257963180542,
            "min": 1.06257963180542,
            "max": 1.4087976217269897,
            "count": 50
        },
        "RollerBall.Environment.EpisodeLength.mean": {
            "value": 5.582236842105263,
            "min": 5.215040397762586,
            "max": 8.819783197831978,
            "count": 50
        },
        "RollerBall.Policy.ExtrinsicValueEstimate.mean": {
            "value": 0.9638301730155945,
            "min": 0.50038743019104,
            "max": 0.9726337790489197,
            "count": 50
        },
        "RollerBall.Environment.CumulativeReward.mean": {
            "value": 0.9881578947368421,
            "min": 0.5292479108635098,
            "max": 0.9993670886075949,
            "count": 50
        },
        "RollerBall.Policy.ExtrinsicReward.mean": {
            "value": 0.9881578947368421,
            "min": 0.5292479108635098,
            "max": 0.9993670886075949,
            "count": 50
        },
        "RollerBall.Losses.ValueLoss.mean": {
            "value": 0.00453790882602334,
            "min": 0.00025981859653256834,
            "max": 0.13757331669330597,
            "count": 50
        },
        "RollerBall.Losses.PolicyLoss.mean": {
            "value": 0.2421899288892746,
            "min": 0.2334565818309784,
            "max": 0.2499011754989624,
            "count": 50
        },
        "RollerBall.Policy.LearningRate.mean": {
            "value": 3.025137630174868e-06,
            "min": 3.025137630174868e-06,
            "max": 0.0002969709748867899,
            "count": 50
        },
        "RollerBall.Policy.Epsilon.mean": {
            "value": 0.1010083332657814,
            "min": 0.1010083332657814,
            "max": 0.1989903301000595,
            "count": 50
        },
        "RollerBall.Policy.Beta.mean": {
            "value": 1.4940895198378712e-05,
            "min": 1.4940895198378712e-05,
            "max": 0.0004950526636093855,
            "count": 50
        },
        "RollerBall.IsTraining.mean": {
            "value": 1.0,
            "min": 1.0,
            "max": 1.0,
            "count": 50
        }
    },
    "metadata": {
        "timer_format_version": "0.1.0",
        "start_time_seconds": "1598358985",
        "python_version": "3.6.7 (v3.6.7:6ec5cf24b7, Oct 20 2018, 13:35:33) [MSC v.1900 64 bit (AMD64)]",
        "command_line_arguments": "C:\\Users\\jason\\Desktop\\python_virtualenv\\3.6.7\\ml_agent\\Scripts\\mlagents-learn config/rollerball_config.yaml --run-id=RollerBall --force",
        "mlagents_version": "0.19.0",
        "mlagents_envs_version": "0.19.0",
        "communication_protocol_version": "1.0.0",
        "tensorflow_version": "2.3.0",
        "numpy_version": "1.19.1",
        "end_time_seconds": "1598364669"
    },
    "total": 5683.9222917,
    "count": 1,
    "self": 0.32077730000037263,
    "children": {
        "run_training.setup": {
            "total": 0.008542399999999999,
            "count": 1,
            "self": 0.008542399999999999
        },
        "TrainerController.start_learning": {
            "total": 5683.5929719999995,
            "count": 1,
            "self": 18.449302499895566,
            "children": {
                "TrainerController._reset_env": {
                    "total": 9.0622942,
                    "count": 1,
                    "self": 9.0622942
                },
                "TrainerController.advance": {
                    "total": 5655.636063400104,
                    "count": 567330,
                    "self": 7.942913400240286,
                    "children": {
                        "env_step": {
                            "total": 5647.693149999864,
                            "count": 567330,
                            "self": 5218.709631499783,
                            "children": {
                                "SubprocessEnvManager._take_step": {
                                    "total": 420.26006180013775,
                                    "count": 567330,
                                    "self": 14.53329010019263,
                                    "children": {
                                        "TFPolicy.evaluate": {
                                            "total": 405.7267716999451,
                                            "count": 500031,
                                            "self": 405.7267716999451
                                        }
                                    }
                                },
                                "workers": {
                                    "total": 8.723456699942835,
                                    "count": 567330,
                                    "self": 0.0,
                                    "children": {
                                        "worker_root": {
                                            "total": 5656.268027500249,
                                            "count": 567330,
                                            "is_parallel": true,
                                            "self": 1074.7265905005506,
                                            "children": {
                                                "steps_from_proto": {
                                                    "total": 0.0002588,
                                                    "count": 1,
                                                    "is_parallel": true,
                                                    "self": 0.00010540000000000001,
                                                    "children": {
                                                        "_process_vector_observation": {
                                                            "total": 0.0001534,
                                                            "count": 2,
                                                            "is_parallel": true,
                                                            "self": 0.0001534
                                                        }
                                                    }
                                                },
                                                "UnityEnvironment.step": {
                                                    "total": 4581.541178199699,
                                                    "count": 567330,
                                                    "is_parallel": true,
                                                    "self": 57.20011159959722,
                                                    "children": {
                                                        "UnityEnvironment._generate_step_input": {
                                                            "total": 40.03199719975754,
                                                            "count": 567330,
                                                            "is_parallel": true,
                                                            "self": 40.03199719975754
                                                        },
                                                        "communicator.exchange": {
                                                            "total": 4356.751591700033,
                                                            "count": 567330,
                                                            "is_parallel": true,
                                                            "self": 4356.751591700033
                                                        },
                                                        "steps_from_proto": {
                                                            "total": 127.55747770031083,
                                                            "count": 567330,
                                                            "is_parallel": true,